Mutations,topnettree-ddg
Y453D,0.6322687821615927
F456V,0.9618559482357053
Y473D,0.6386868732975338
G476S,0.047926575826977694
E484Q,-1.4424535273020045
Y489S,1.6654071272995847
Q493K,-0.97484240695699
Q493L,-0.9725222079360467
T500S,0.3805817480249617
N501S,2.966011817655139
G502V,-0.27848124775250716
V503I,-0.09670433755131967
V503L,-0.010733078231622511
Y505D,0.3971302979283701
V445P,0.40157491238392284
Y453K,-0.36997780475547903
Y453E,0.4399288736778514
L455P,-0.4180495765162937
G476L,-0.7768152290501069
S477P,0.36409996464007527
S477W,-0.17949355283271515
E484T,-1.4557616040076824
N487Q,-0.9062386322451961
Y489A,2.8303576884259467
Y489E,3.0224267539524563
F490N,0.5216076814700503
F490R,0.10427857104047651
F490A,0.7771263248755629
F490M,0.5487079230386612
Q493V,-0.5633552253131799
Q493G,1.2700962920884344
Q493Y,0.9209849410469555
Q498Y,-0.41271257393316485
N501F,-0.04385977247764152
N501Q,-0.40521444437824233
G502I,-0.6926329920064511
G502E,-0.37910317570040536
V503R,-0.21616903988720484
Y505P,1.5915037169810309
Y505G,4.768169533634241
Y505W,-1.8072251009011002
Q493F,0.2831238839475347
G502K,-0.8408206392363077
G446S,-0.17387687141232702
Y453F,0.5575955265164342
L455M,-0.26220942530639973
S477N,0.16282071917992852
E484K,0.3889980712601367
N487D,0.4987990888782819
Y489F,3.160693058550614
F490Y,0.0291879840276975
Q498P,0.7080502809816315
Q498H,0.3075009308129441
N501Y,0.008176664020130066
N501T,1.3722144407101737
G502A,-0.0523513087093224
Y505C,1.7841209418873683
R403W,-3.6351771021026296
K417G,1.954204446852041
Y453P,1.4800418200951495
Y473K,0.32063257335616613
S477D,-0.029090122965994697
S477K,0.23973644503656694
E484R,-1.1404130822258998
E484S,1.5656724407551494
N487P,1.0193884652728182
Q493A,2.226113922876471
T500L,0.021255830061814193
N501C,1.0439369512335408
N501V,3.965497877149798
G502N,-0.1049075533287536
G502F,-0.576493263354875
G502L,-0.5671088229101959
V503M,-0.009731243983262394
V445K,-0.354148279767807
V445Q,0.11333478359718643
F490K,0.2579564577908684
Q493M,0.7811201070175381
Q498F,-0.21904572321591176
Q498W,0.11631277733256506
N501W,-0.31454939945041993
G502M,-0.42402056063435517
V503K,0.5481848537694747
Y505M,0.17331897920030664
